id;indice;nombre;peso;extension;imagen;imagen_content_type
1;84350;generating;79199;Centrado connect bandwidth;../fake-data/blob/hipster.png;image/png
2;57304;Mesa Bolivia;54915;generating synthesize Interacciones;../fake-data/blob/hipster.png;image/png
3;48143;alto Corporativo a;29015;groupware Loan;../fake-data/blob/hipster.png;image/png
4;97914;Senior Berkshire;84057;Rampa connecting;../fake-data/blob/hipster.png;image/png
5;10423;Andalucía;8559;Avon world-class monetize;../fake-data/blob/hipster.png;image/png
6;86117;Aragón Increible;90384;Amarillo mobile Central;../fake-data/blob/hipster.png;image/png
7;3383;Sincronizado e-commerce;70169;Venezuela withdrawal;../fake-data/blob/hipster.png;image/png
8;88322;orquestar virtual;65487;portals Refinado;../fake-data/blob/hipster.png;image/png
9;4153;Loan;30131;initiatives vertical;../fake-data/blob/hipster.png;image/png
10;70134;Seguridada Malasia;64390;al Atún Macao;../fake-data/blob/hipster.png;image/png
